FID	IID	Ala	Arg	Asp	Glu	Gly	His	Ile	Leu	Lys	Phe	Pro	Ser	Thr	Tyr	Val
HP202	HP202	17.1	28.7	44.5	71.9	16.8	10.6	18	29.3	25.3	20.1	22.5	19.2	15.2	13.2	19.3
L62-880	L62-880	16.3	25.7	45	76.9	14.8	9.2	16.5	26.3	22.2	17.8	19.7	18.3	15.4	12	17.4
Baiqidawandou	Baiqidawandou	17.9	23.9	44.3	75.6	15.3	9.2	17.1	27	22.4	17.6	18.2	19.1	16.5	12.7	19.1
L66-721	L66-721	16.4	25.2	44.6	75.7	15.1	9.2	16.1	26.1	22.3	17.8	20.4	18.2	15.6	11.7	17.2
L73-67	L73-67	16.8	26.2	46.6	79.8	15.3	9.5	16.6	27	22.8	18.5	20.3	19.6	16.4	12.4	17.5
L64-4103	L64-4103	15	25.4	41	59.9	14.5	9.3	14.8	24.3	22.6	17.4	22.1	16.9	14.9	11.1	15.9
L67-1695	L67-1695	16	25.9	42.6	63.4	15	9.4	15.8	26.4	22.8	17.8	23.6	17.1	14.8	11.7	17
L67-949	L67-949	15.4	25.7	42.3	61.8	14.6	9.3	16.2	25.9	22.6	17.8	21.2	17.1	14.8	12.1	16.5
L62-906	L62-906	17.7	29.5	46.4	71.4	16.3	10.3	18.4	29.5	24.2	19.6	25.1	19.1	16	13.3	19.8
L70-6494	L70-6494	16.3	25.6	44.2	63.9	15.1	9.6	15.6	25.2	23	17.9	23.9	18.1	15.5	11.7	16.7
L62-956	L62-956	15.7	24.9	42.4	62.8	14.7	9.3	15	23.4	22.5	17.4	21	17.3	14.9	11.4	16.2
Kaohsiung 1	Kaohsiung 1	15.5	23.8	40.5	58.6	15.4	9.5	16.7	27.1	23.3	17.2	19.2	16.5	15.5	11.7	14.1
Jindou 15	Jindou 15	17.3	33.2	50.4	74.8	16.5	10.8	16.8	27.2	24.8	19.7	25.1	19.9	16.5	12.4	17.8
Newton	Newton	15.1	23.6	39.2	57.7	14	8.9	14.7	22.8	21.4	16.7	22.2	15.9	13.5	10.9	15.9
Huangdou 2	Huangdou 2	18.1	23.4	46.8	74.6	21.1	9.6	5.1	19.9	19.9	14.7	20.4	18	10	10.4	8.8
Jidou 7	Jidou 7	19.2	25.4	50.9	82.9	22.5	10.4	6	21.3	25.5	15.8	25.7	20.8	11.1	11.5	11.4
Zhongdou 36	Zhongdou 36	18	35	50.1	76.9	17.8	11.8	19.1	31.6	26.7	21.6	25.1	21.2	16.2	14	20.1
L73-54	L73-54	22.7	27.9	57.9	90.1	23.4	10.9	8.6	27.9	22.9	18.3	23.5	24.6	13.8	14.1	13.8
Banyesheng	Banyesheng	20.1	26.9	55.4	87	23.2	10.2	5.9	22	22	15.5	24	24.3	13.1	10.5	10.2
Xudou 10	Xudou 10	21.2	30.2	57.3	86.8	22.8	10.5	6.2	23.7	22.6	18.6	26.6	24.7	13.6	12.2	10.7
Ludou 4	Ludou 4	21.6	27.8	58.8	89.7	22.9	11	7.1	24.8	24.1	18.2	25.8	25.3	14.5	12.6	11
L77-1727	L77-1727	21	27.5	56.4	87.5	21.8	10.4	6.8	23	23.9	17.8	25.8	24.9	14.2	12.6	10.2
Zaoshu 6 hao	Zaoshu 6 hao	19.9	25.7	52.5	74.8	22.5	9.7	6.9	23.7	19.9	15.4	20.2	21.8	11.2	10.5	14.2
L72-1078	L72-1078	17.9	22.6	50.1	69.7	20.4	9.7	4.8	18.5	19.5	14.4	18.4	20.7	10.7	9.9	8.7
Zhonghuang 13	Zhonghuang 13	17.1	31.5	44.8	71.5	16.7	10.8	18.3	29.8	25	20.4	23.7	19.2	15.3	13.2	19.6
Zhonghuang 4	Zhonghuang 4	20.8	35.6	59.4	86.3	23.5	11.3	7.2	23.2	22.1	17.2	22.9	24.4	13.1	10	13
Zhonghuang 10	Zhonghuang 10	23.6	31.4	65.5	92.9	26.8	12	8.1	27.6	26.3	19.1	23.8	26.6	14	13.2	15
Dadunxiaoheidou	Dadunxiaoheidou	19.2	27.2	55.6	81.2	22.8	10.4	5.3	20.5	21.1	16.2	21.9	23.7	13.1	11.5	9.1
Jihuang13	Jihuang13	18.9	26.5	53.7	74.6	21.1	9.7	5.8	20.5	21.4	15.5	22.2	22.8	13.2	11.3	8.7
Zhongzuo 00-484	Zhongzuo 00-484	19.3	26.7	56.4	83	22.4	10.3	5.7	21.3	21.6	16.4	22.7	24.2	13	11.1	9.6
Zhongzuo 97-1121	Zhongzuo 97-1121	19.2	28.9	57.5	80.7	23.9	11.3	5.6	19.5	21.1	14.8	23.1	21.9	11.8	9.3	13
Jindou 13	Jindou 13	18.4	26.1	55.3	73.1	23.4	11	4.9	18.1	20.7	15	20.3	20.2	11.7	10.9	12.3
Zhongzuo 983	Zhongzuo 983	21.2	44	57.8	80.1	25.6	12.7	4.9	19.9	23.3	17.2	23.5	21.3	10.9	11.6	11.6
Xiaohuangdou	Xiaohuangdou	20.7	26.7	54.5	74.1	25.1	11.1	5	19.4	22	15.6	22.9	20.5	10.7	11.5	10.1
8588	8588	22.3	29.7	66	85.2	28.3	12.3	5.1	21.1	23.8	17.5	25.5	23.6	13.6	12.4	10.9
L68-582	L68-582	19.3	24.4	52.8	70.7	23	10.1	4.4	17.8	20.4	14.5	24.4	18.5	10.2	9.5	9.4
Shengli 3	Shengli 3	22.2	34.2	63.7	85.3	25.9	11.6	6.9	23.1	23.2	16.8	25.1	24.7	14	11.3	14.2
Zhongzuo 00-683	Zhongzuo 00-683	20.3	25.7	57.4	76.8	23.4	10.4	5.2	19.5	22.2	15.6	21.5	22.3	12.4	11.5	9.7
Zhonghuang 27	Zhonghuang 27	20.4	29.5	53.1	70.3	25.6	10.8	7	22.9	19.8	15.6	20.9	19.6	9.5	10.9	14.7
Jian 31	Jian 31	18.5	34.1	48.4	78.6	18.3	11.5	19.7	32.3	27.2	22.4	27.7	21.6	16.5	14.2	20.7
L69-4267	L69-4267	20.4	24.5	57.3	73.7	24.8	10.8	5.1	20	21.8	16.6	23.3	19.5	10.9	11.8	10.5
Jidou12	Jidou12	21.2	31.6	59.4	81.9	26.5	10.8	6	20.9	20.8	17.3	21.6	22.5	11.6	10.6	14.5
Qingkeyuandou	Qingkeyuandou	20.6	32.6	64.5	85	25.9	10.9	6	21.8	22.6	17.5	25.3	23.3	13.2	11.6	13.2
Amcor 89	Amcor 89	19.5	24.4	53.3	71.9	22.3	10.1	6.8	22.7	20.4	15.7	18.6	21.5	11.2	11.1	12.7
Zhongzuo 96-954	Zhongzuo 96-954	19.3	24.3	50.5	68	22.7	9.8	6.7	21	18.7	13.6	19.5	20.9	10.7	9.6	12.7
Maoyandou	Maoyandou	19	23.8	54.5	69.4	22.5	10.4	5.8	20.4	20.3	15.3	20.2	22.4	12.2	11.1	10.4
Kenwood	Kenwood	17	21.4	48.3	65	18	8.8	5.7	20.8	19.5	13.9	19.9	19.5	12.4	9.9	8
Zhongdou 27	Zhongdou 27	18.8	26.2	52.5	73.2	19.7	9.9	5.7	21.4	20.2	16.1	20	21.1	12.8	10.7	9.3
Tuyandou	Tuyandou	19.6	31	55.6	78.5	19.9	10.4	6.8	24.8	22.1	17	23.5	23.2	14	12	9.5
L84-307	L84-307	17.6	23	48.4	66.3	17.7	9	5.9	20.5	20.1	15	20.4	20.6	12.4	10.5	8.4
L81-4590	L81-4590	20	27.1	54.6	77.4	19.9	10.1	6.7	23.9	22.2	17.1	23.2	22.6	14	12.7	9.8
Sprite 87	Sprite 87	18.4	23.5	50.9	69.5	18.8	9	6	21.4	20	15.6	20.3	21	13	11.4	8.6
L78-3083	L78-3083	19.5	28.1	56.2	78.1	20.1	10.1	6.5	22.6	21.8	16.6	22.6	24.2	14.1	12.3	10
Zhongdou 28	Zhongdou 28	19.2	24.9	51.5	75.1	18.8	9.8	6.8	23.8	23.6	16.2	22.5	23.2	13.8	12.3	9.3
Lvcaodou	Lvcaodou	19.8	32.1	58.1	82.4	20.9	10.5	7.2	24.7	22.4	18.1	24.9	24	15	12.4	9.6
L82-1858	L82-1858	16.3	27.2	42.1	68	15.9	10.1	17.2	28.5	23.9	19.3	23	18.6	14.8	13	18.5
GR8836	GR8836	17.4	24.3	52.4	76.1	18.2	9.2	6.2	21.6	20	15.5	22.4	21.4	13.2	11.4	8.5
L74-01	L74-01	18.9	26.1	56.3	83.1	19.4	9.6	6.7	23.1	21.2	16.8	24.7	23.2	13.9	12.3	9.2
L74-221	L74-221	18.3	24.9	54.9	80.7	18.7	9.6	7.1	23.5	24.4	16.7	21.7	22.9	14.2	12.7	9.3
Ludou 11	Ludou 11	17.5	23.1	47.4	64.8	18.2	8.9	5.6	19.8	19.3	14.9	17.5	19.1	11.8	10.7	8.2
Fayette	Fayette	16.4	26.7	41.8	66	16	10.3	17.4	28.4	23.7	19.3	22.4	18.6	14.9	12.9	18.5
Gnome	Gnome	19.2	26.2	53.6	73.6	19.9	10	6.8	23.1	22.3	16.9	25.1	21.3	13	12.4	9.7
Lv 75	Lv 75	18	30.6	46.7	71.6	17.5	11	18.4	30.2	26	20.5	23.3	18.9	17.2	13.1	16.9
Zhongpindaheidou	Zhongpindaheidou	19.6	26.6	54.7	77.6	20.1	10.3	6.8	23	22.4	17.2	20.1	22.1	14.3	12.6	9.6
Maoyandou	Maoyandou	20.4	31.1	58.1	83.3	20.5	10.7	7.6	26.2	23.3	18.4	23.7	24.6	15.2	12.7	10
Zhengzhou 135	Zhengzhou 135	21.5	31.7	61.4	89.1	21.5	11.2	7.4	25.5	27.7	19.2	25.1	25.8	16	13.5	10.7
Elf	Elf	20.5	28.2	58.5	83.3	20.7	10.4	6.9	24.7	23.6	18	24.4	24.8	15.1	12.7	9.5
Hobbit87	Hobbit87	16.6	25.7	41.2	61.8	16	9.8	16.7	27.6	23.6	18.3	23	17	15.5	12	15.2
Sijiaoqi	Sijiaoqi	20.6	31.6	57.4	81.3	20.8	10.8	7	24.3	23.3	17.9	22.2	24.5	15.7	13.3	9.9
Erliheidou	Erliheidou	17	28	54.3	76.5	18.9	9.4	5.2	21.5	19.1	15.4	22.7	20.8	12	9.9	8.3
IL2	IL2	17.3	24.8	51.4	77.2	19.3	9.2	5.6	22.8	19.5	14.8	19.6	21.3	12.5	10.5	7.8
Dunbar	Dunbar	15.9	22.3	47.5	71.2	17.1	8.5	5.7	21.5	18.9	14.2	17.9	19.9	12	10.1	7.5
Yanhuang 3	Yanhuang 3	18.7	29.1	58.3	88.3	19.9	10.4	6.8	26.1	21.9	17.7	21.7	24.6	14.4	12.4	9.1
Peking	Peking	17.1	26.1	42.5	64.3	16.4	9.9	17.2	28.1	24.1	18.9	22.2	17.6	16	12.2	15.4
Kunitz	Kunitz	17.8	24.2	51.5	80.8	18.8	9.5	6.1	24.3	22.6	15.5	22	22	13.4	11.5	8.4
Luning 1	Luning 1	18.6	26.5	55.6	84	20	9.8	5.9	23.8	21.4	16.6	20.5	23.4	14	12.2	8.7
Chadou	Chadou	18.1	27.7	54.9	82.5	19.5	9.9	6.3	25.1	20.8	16.7	20.4	23.1	14.3	12.1	8.7
Wandou 15	Wandou 15	20.2	34.9	52.4	80.8	17.9	11.4	19.2	27.8	27.3	22.5	29.3	20.8	18.1	14.3	21.6
He 84-5	He 84-5	19.3	28.3	53.1	74.8	19.8	10	6.4	24.1	20.5	16.8	27.6	21.5	13.3	11.1	9.3
Yudou 25	Yudou 25	21.3	38.9	62	84	21.2	11.1	7.3	26.4	22.9	19.8	30.4	24.5	15	13.3	10.3
Nanguanxiaopiqing	Nanguanxiaopiqing	24.8	32.7	61.7	88.9	22.9	11.6	9.4	30	23.7	20.3	31.9	25.6	15.9	14.3	15.2
Lu 93748-1	Lu 93748-1	22.7	31.5	63.7	91	22.3	11.4	7.9	27.7	25.8	19.7	37.1	26.9	16.4	13.4	10.9
Dabaipi	Dabaipi	22.6	38.2	62.2	89.1	21.8	11.4	7.4	26.7	23.9	20.2	33.5	25.4	15.8	13.5	10.6
Sijiaoqihuangdou	Sijiaoqihuangdou	20.6	27.7	55.6	77.4	20.3	10.4	6.7	23.9	22.2	17.5	26.3	22.7	14.3	12.6	10
Jidou 12-2.3	Jidou 12-2.3	19.8	30.7	51.6	76.8	18	9.2	8.1	24.9	20.7	17.4	30.8	21.4	13.2	11.7	12.3
Pingdinghei	Pingdinghei	19.8	25.5	55.2	73.1	20.6	10.1	6.2	23.4	21	17	22.6	22.7	13.1	11.8	9.2
Zhonghuang 18	Zhonghuang 18	19.8	27	56.4	78.2	21	10.3	6	23.7	25.3	17	24.7	23.2	13	12.5	9.6
Xiaoyuanhuangdou	Xiaoyuanhuangdou	20.2	26.4	57.3	76.8	20.2	10.3	6.9	25.3	22.4	17.6	26.1	22.7	13.6	13.1	9.6
Bendidahuangdou	Bendidahuangdou	21.6	37.8	66.6	85.6	21.4	11.2	7.3	26.8	23.7	20.2	28	25	14.9	13.5	10.3
Lu 99-1	Lu 99-1	15.3	24.8	38.7	62.4	14.7	9.2	15.8	25.9	22.4	17.3	20.4	17	13.6	11.6	16.9
Yangtianxiaohuangdou	Yangtianxiaohuangdou	20.3	31.6	59.9	81.4	20.2	10.2	6.8	25.6	22.6	18.3	24.8	24.2	13.8	12.9	9.7
SS74185	SS74185	17.8	27.8	44.2	65.3	17.1	10.5	18	30.1	25	19.8	21	18.2	16.4	12.5	16.4
95-5117	95-5117	19.1	25.7	54.9	75.8	19.1	9.8	6.6	24.5	21.8	17.1	23.1	23.5	13.7	12.7	9.2
Zhonghuang 28	Zhonghuang 28	20	28.8	57.8	83.2	20.2	10.5	7.2	25	24	18.1	29.9	25.4	15.3	13.4	10
Jidou 12-3l	Jidou 12-3l	19.8	30.6	47.8	73.4	17.2	10.5	18.2	26	26.5	21.4	26.7	19.3	16.9	12.7	20.5
Qihuang 30	Qihuang 30	19.1	30	48.2	75.5	16.9	10.4	18	25.7	25.7	21	28.1	19.8	16.9	13.4	19.8
Zheng 92116	Zheng 92116	19.4	37.1	51.1	75	17	11.1	18.2	26.6	25.9	21.6	28.2	20	17.2	13.1	20.1
Maodou	Maodou	19.5	32	48.7	74.9	17.2	11	17.9	25.8	25.6	20.7	27.2	19.9	17.2	13.5	20.5
Er-hej-jan	Er-hej-jan	18.5	30.2	52.7	78	16.7	10.7	18.5	29.9	25.1	21	24.2	21	17.6	13.7	19.9
Jindou 31	Jindou 31	18.2	28.7	51.1	74.9	15.8	10.5	16.9	26.5	24.5	19.4	24.2	20.4	17.5	13	18.4
Handou 5	Handou 5	18.4	31.4	53.5	78.1	16.4	10.8	18	28.1	25.2	20.5	22.7	20.8	17.9	13.4	19.4
Kexin 3	Kexin 3	18.7	31.5	53.4	79.3	16.9	10.9	18.3	27.6	25.7	20.6	23.3	20.8	17.9	13.1	19.4
Zaofeng 1	Zaofeng 1	18.8	29.8	52.3	77.6	16.4	10.6	17.6	27.2	25.4	20.3	21.4	21.3	18.1	13.3	18.5
Dahuangdou	Dahuangdou	18	31.3	50.7	74.1	16	10.5	16.9	26.3	24.5	19.5	21.4	20.4	17.4	12.8	18.3
Puhai 10	Puhai 10	18.9	31.1	52.9	76.6	16.4	10.5	17.8	27.2	25.5	21.3	21.7	20.5	18.1	13.4	18.8
Zhongye 2	Zhongye 2	19	34.2	51.8	78	16.8	10.9	17.5	26.7	25.5	20.6	22.3	20	16.7	13.2	19.1
Zhonghuang 22	Zhonghuang 22	17.6	31.7	49.3	74.3	17	10.7	17.2	26.3	25.3	20.8	25.9	20.1	17.3	12.9	18.7
Kexin 4	Kexin 4	18.8	34.3	50.6	76.2	16.8	10.8	18.3	28.6	24.9	20.8	26.3	19.6	16.9	13.5	20
Qihuang 1	Qihuang 1	15.6	29.8	45.3	70.4	15	10	16	25.2	23.1	19.3	22.1	19.1	15.8	12	16.5
Tianedan	Tianedan	17.6	26.8	43.7	69.3	15.5	9.8	16.6	26.1	23.3	18.6	21.5	17.9	14.9	12.2	17.6
Delsoy 4210	Delsoy 4210	15.6	26.6	40.7	66.2	15.3	9.9	16.7	27.5	23.4	18.3	20.3	18	14.1	12.4	17.5
MN413	MN413	17.8	29.1	45.3	70.8	15.6	10.1	16.3	25.4	23.6	18.8	24.1	19	16.1	12.3	17.6
Fendou 31	Fendou 31	17.8	26.4	43.5	69.3	15.2	9.7	17.5	27.7	22.8	18.7	23.3	18.4	15.3	12.7	18.9
7651-1	7651-1	17.4	25.9	43	69.4	15	9.7	15.7	25.8	22.8	17.8	22	19.2	15.9	12.7	17
L86-1436	L86-1436	17.6	27.5	45.7	73	15.6	10	16.7	26.5	23.8	19	23.5	19.2	16.2	12.7	17.5
Tiejiaohuang	Tiejiaohuang	18.4	31.7	48.8	78.1	16.4	10.8	17.2	26.6	24.8	20.8	24.1	20.6	17.1	13.2	18.7
Lu 99-7	Lu 99-7	16.5	25.5	42.6	67.9	14.7	9.3	15.4	23.7	22.4	17.7	20.2	18.3	15.4	11.6	16.7
L81-4871	L81-4871	17.6	27.7	45.5	72.6	15.5	10.2	16.4	26.5	23.7	18.8	22	19.7	16.3	12.9	17.6
Clark	Clark	17.1	26.9	45	70.6	15.1	9.9	16.4	26	23.4	18.6	23.2	19.1	15.8	12.5	17.8
Chichenglvhuangdou	Chichenglvhuangdou	18.2	31.7	48.9	79.4	16.5	10.9	17.5	28	25.1	20.3	25.9	20.5	16.5	13.9	18.9
Mustang	Mustang	17.3	30.4	49.3	72.8	16	10.7	17.2	27.2	24.9	20.2	24.6	19.3	16.3	13.7	18.2
Union	Union	18.6	30.6	49.6	74.3	16.3	10.8	17.7	28.6	25.1	20.3	24.4	20.2	16.8	13.8	18.2
Kefeng 6	Kefeng 6	17.8	29	45.2	68.2	17.4	10.3	18.3	30.4	25.3	20.3	23	18.4	16.6	12.8	16.4
Xinyangyangyandou	Xinyangyangyandou	18.6	34.8	49.2	72.5	15.7	10.5	17.1	27.8	24	20.2	24.9	19.7	16.1	13.5	18.3
Wenfeng 7	Wenfeng 7	17.2	26.9	43.2	65.2	16.3	9.8	17.2	28.9	24.4	19	23.6	17.7	15.9	12.7	15.9
Zhongpin 95-5383	Zhongpin 95-5383	16.8	27.7	47.7	75.1	16	10.2	9	22.3	23.9	18.9	27.3	19.6	17	11.7	16.7
Zhonghuang 16	Zhonghuang 16	16.9	29.2	49.3	80.7	16.1	10.5	9.4	24	24.4	19.6	28	20.9	17.2	12.5	17
Qihuang 13	Qihuang 13	16.2	28.3	47.4	73	15.8	10.1	9.2	22	23.7	19.6	25.1	19.6	16.7	11.4	17.2
Gaozuoxuan 1	Gaozuoxuan 1	15.3	25.6	42.3	65.2	14.6	9.4	8.3	21	22.1	16.8	23.4	17.4	15.2	10.7	15.3
Daheidou	Daheidou	18.1	29.9	50.6	78.6	16.5	10.8	9.5	24.1	25.1	19.5	27.5	20.7	17.2	11.9	17.1
Cansidou	Cansidou	17	29.2	49.2	74.6	15.4	9.9	9.7	25.2	24.3	19.9	25.9	20.2	16.5	12.4	16.4
L77-1794	L77-1794	16.1	28	46	62	15.1	10.1	16.2	24.6	24.1	18.2	28.9	18.5	16.3	12.4	15.1
Zheng 97210-6	Zheng 97210-6	17.3	33.1	48.7	66.4	15.9	10.7	18.2	28.8	25.2	20.6	29.5	19.2	16.9	13.5	17.1
Youbian 30	Youbian 30	16.3	32.3	47.1	62.7	15.6	10.1	16	24.6	24	19	28.2	18.2	16.1	12.1	15.2
Han 195	Han 195	16.6	31.1	43.5	70	16.2	10.4	17.9	29.3	24.1	20.6	22.5	18.6	14.5	12.8	19.2
Zaoshuheidou	Zaoshuheidou	17.9	29.3	49.5	64.8	16.6	10.6	17.8	25.9	25.2	20.7	29.2	19.1	17.7	12.8	16
Ina	Ina	17.3	27.5	47.4	61.8	16	10.7	16.9	25.6	24.8	19.4	24	18.8	17	12.7	16
Wandou 21	Wandou 21	17	30.5	47.3	64	15.6	10.1	17.1	25.4	24.5	20.4	25.1	18.5	16.7	12.1	15.7
L88-8226	L88-8226	17	28.7	47.5	64.7	15.8	10.2	16.9	26.7	24.4	19.9	27.4	18.9	16.8	12.4	15.9
Lvrouheipidou	Lvrouheipidou	18.2	39.9	51.5	69.1	16.7	11.1	17.3	26.7	26.5	20.7	27	20.4	17.9	12.9	16.4
Ooyachi-2	Ooyachi-2	17.4	30.2	48.9	67	16.3	10.6	17.6	27.5	25.3	20.7	27.4	19.7	17.5	12.8	16.2
Xiataizimoshidou	Xiataizimoshidou	17.3	32.4	48.8	65.8	16.5	11	16.7	26.3	25.2	20.4	27.8	18.8	16.9	12.5	16.1
Pixiansilicao	Pixiansilicao	16.6	29.3	42.9	64.9	14.8	9.7	16.1	25.3	22.1	17.8	24.3	16.7	15.1	11.3	16.4
Williams 82	Williams 82	17.6	25.8	44	67.7	15.2	9.8	16.8	25.9	23.4	18.3	26.3	17.9	15.9	12	16.8
Jiguan52	Jiguan52	17	27.2	43.8	67	15.2	9.6	16.3	25.1	22.5	18.5	24.4	17.4	15.5	11.3	16.5
Zhongdou 34	Zhongdou 34	17.5	27.3	44.8	67.2	15.4	9.7	16.9	26.8	23.6	18.5	22.6	18.1	16.2	12.3	16.4
Zhonghuang 15	Zhonghuang 15	17.7	27.9	45.2	71.1	15.6	9.8	16.8	26.4	23.3	19	27.9	18.1	15.8	12.3	16.8
Xinbada 2	Xinbada 2	17.3	25.5	43.9	66.6	15.2	9.6	16.8	26.1	23.1	17.7	23.6	17.7	15.6	12.2	16.1
Jiwuxing 1	Jiwuxing 1	18.6	29.8	45.9	70.8	15.6	10.3	17.5	27.6	23.4	19	25.2	18.6	16	12.5	18
Shuyangchunheidoubing	Shuyangchunheidoubing	19	30.9	46.7	70.3	16.4	10.6	17.6	27.2	24.3	19.8	25.9	19.1	16.7	12.5	17.1
L78-379	L78-379	17.4	26.6	45	68.8	15.2	9.9	16.3	26	23.4	18.3	24.6	18.6	15.9	12.4	15.6
Zheng 02060-0-7-2	Zheng 02060-0-7-2	18.7	29	45.8	70	15.7	9.7	17.3	26.9	23.7	19.9	26.2	18.8	16.3	12.2	16.4
Yudou 18	Yudou 18	17.9	30.1	43.6	64.1	14.8	9.4	15.6	24.9	22.1	17.7	23.2	17.2	15.2	11.2	16
L88-8431	L88-8431	17.4	25	42.8	64.7	15	9.5	16.1	24.6	22.6	17.4	21.8	17.4	15.4	11.8	16.3
Chaleston	Chaleston	17.7	25.1	43.9	67.3	15.4	9.5	16.2	25.3	23.1	17.5	22.9	18	15.6	11.5	16.6
Franklin	Franklin	16.6	24.5	42.5	63.4	14.4	9.3	16.1	25.9	22	17.2	21.5	17.3	15	12	15.4
L85-2378	L85-2378	17.8	25.7	42.6	66.1	14.7	9.6	16.6	25.9	22.4	18.2	24.7	17.3	15.3	11.9	16.4
Pixie	Pixie	16.3	26.8	40.9	66.2	15.7	10	17.9	30.1	23.8	18.6	21.2	17.9	14.2	12.7	19.2
L82-2020	L82-2020	17.1	25.1	43.2	62.8	15.2	9.3	16	25.8	22.6	17.7	24.5	17.3	15.6	12.5	14.4
Miyunlaoyelian	Miyunlaoyelian	17.1	26.9	46	67	16.2	9.9	15.6	25.1	23.6	18.1	24.6	18.5	16.4	12.2	14.8
L77-1863	L77-1863	18.1	28	47.6	69.5	16.3	9.9	16.4	26.5	23.9	19	26.6	19	16.7	12.7	15.2
Longjiangdali ? Su	Longjiangdali ? Su	20	32.2	51.5	75.7	18.2	11	18	28.1	26.2	20.9	28.6	20.3	18.1	13.7	16.9
Zhongpin 661	Zhongpin 661	16.9	25.1	43.8	62.9	15.1	9.4	15.4	25.3	22.8	17.8	27.1	17.6	15.5	12.4	13.9
L87-0482	L87-0482	17.5	27.7	46.5	67.9	15.8	10	15.9	25.6	23.8	18.8	28.3	19	16.5	12.7	14.8
L77-5632	L77-5632	17	29.6	48.8	71.7	16.8	10.3	16.7	27.5	24.8	19.9	28.5	20.1	17.5	13.3	15.8
L83-4744	L83-4744	15.6	25.1	43	62.4	15.6	9.3	15.8	24.7	22.3	17.4	25.5	18.1	15.4	12	15.6
Gnome 85	Gnome 85	17	25.8	44	66.8	16.3	9.7	16.7	28.1	23.7	18	26.7	17.8	16.4	13	13.4
Kim	Kim	17.8	27.1	43.1	66.3	16.2	10	16.8	28.3	23	17.5	26.7	17.5	15.7	12.8	13.7
Nile	Nile	17.7	26.3	44.5	68	16.1	9.9	17.3	30.1	23.6	18.7	24.3	17.9	16.3	13.4	14.5
L88-8739	L88-8739	18.6	28.4	47.1	72.9	17.1	10.3	17.7	31.2	24.4	19.8	24.6	19	16.9	13.5	14.7
Xiaoqingdou	Xiaoqingdou	19	31.2	48.2	73.5	17.4	10.7	17.8	30.8	24.7	19.9	29	18.9	16.9	13.9	15
Zhongpin 662	Zhongpin 662	19.1	29.9	49.9	77.7	17.5	10.4	18.1	31.3	24.9	20.9	29	19.9	17.2	13.6	15.6
PI 547893	PI 547893	18.7	30.1	49.2	76.3	17.2	10.6	18.4	31.7	24.9	20.6	26.8	19.9	17.4	14.1	14.8
PI 547872	PI 547872	17.5	25.8	45.7	68.8	16.3	9.8	16.8	30.1	23.5	18.5	24.4	19	16.7	13.3	14.1
Xinliuqing	Xinliuqing	20.3	37.2	54.3	81.1	18.6	11.1	20.7	36.3	26.8	23.4	28.9	21.6	18.9	15.7	18.1
Siliyuan	Siliyuan	17	34.6	50.1	73.3	17.1	10.8	16.9	29.3	24.4	19.8	26.3	19.4	17.3	12.9	15.4
Amsoy	Amsoy	15.4	24.2	39.6	61.7	15	9.3	16	26.4	22.3	17.8	20	16.8	14.7	11.4	15.7
Heidou	Heidou	17.5	28.3	48.2	72.4	17.5	10.3	18	30.8	24.7	20.3	26.9	19.5	17.5	13.3	15.7
Boaihongpizaojiao	Boaihongpizaojiao	17.6	34.5	51	76	18	11.3	18.4	32.1	25.2	21.1	25.2	20.3	18	14.2	16.4
Spry	Spry	17.5	29.2	47.8	73.4	16.8	10.4	17.8	30.4	24.7	19.6	28	19.6	17	13.2	15.7
PI 547838	PI 547838	18.3	29.5	47.8	74.5	17.1	10.2	18.8	32.1	24.2	20.1	25.1	19.5	16.6	14.1	16.5
PI 547850	PI 547850	18.7	29.4	49.7	76.5	17.8	10.6	19.5	33.6	25.7	21	28.6	20.2	17.7	14.7	17.7
Zheng 9525	Zheng 9525	17.7	29.1	43.6	64.7	16.4	10	17.8	29.7	24.6	20.8	21.8	17.7	16.3	12.5	15.8
Pingdinghuangdou	Pingdinghuangdou	18.6	32.2	47	69.8	17.6	11.4	18	30.6	25.4	21.2	23.9	19.5	17.4	13.4	17.1
PI 547888	PI 547888	15.2	27.7	44.1	69.9	15.5	10.1	15.6	25	23.9	18.3	26.2	18	16.8	12.4	14.2
Jindou 21	Jindou 21	16.4	26.7	42.6	69.5	16	10.1	15.3	24.6	23.3	17.8	24.3	17.7	16.8	12.2	14.3
KD01	KD01	17.4	36.6	50.3	78.7	16.5	10.6	15.4	23.9	24.7	19.2	27.6	19.9	17.8	12.4	14.2
Baipihuangdou	Baipihuangdou	15.6	28.4	44.2	70.9	15.9	10.1	14.6	23.4	23.5	18	29.4	18.5	16.7	12.1	12.9
PI54703	PI54703	18	30.7	48.5	78.5	17.1	10.8	17.2	27.7	25.3	20.2	26.9	19.9	18.1	13.9	15.7
Diliuhuangdou-2	Diliuhuangdou-2	16.8	30.8	47.6	75.3	17.2	10.7	15.7	24.5	24.4	19	26.3	19.4	17.9	12.4	13.5
Kefeng 53	Kefeng 53	17.7	33.5	48.4	76.1	16.2	10.2	15.6	24.9	24.2	19.4	27.1	19.5	17.3	12.9	13.5
Delsoy 	Delsoy 	17.4	25	42.5	65.4	15.4	9.8	15.7	24.8	23.3	18.1	25.2	17.9	16.4	13	13.8
Wandou 16	Wandou 16	17.8	33.6	45.2	71	15.9	10.3	15.9	25	23.4	18.9	24.8	18.1	16.5	12.5	13.8
L85-2029	L85-2029	15.7	23.1	41.7	67.7	16.2	8.8	15.8	26.1	21.1	16.4	27.8	15.8	15.1	11.4	13.5
Huaiyangchundou	Huaiyangchundou	19.3	31.5	50	83.5	18.8	10.3	18.5	31.6	24.3	19.8	29.8	20	18.2	13	16.3
Zheng 99048	Zheng 99048	20.2	33	51.1	86.7	18.8	10.6	19.8	33.2	25.1	21	29	20.2	17.8	14.4	16.8
Zhongdou 33	Zhongdou 33	22.8	41	55.2	86	18.6	11.6	17.6	29.5	24.7	19.9	30.4	20.6	18.6	12.9	16
Qingdou	Qingdou	18.6	28	48.1	78.8	17.4	9.8	18.1	29.9	23.7	19.5	28.1	18.9	17.6	12.7	15
Yudou 22	Yudou 22	17.6	33.6	45.7	67.6	16.5	10.6	16.7	28.7	24.5	19.7	23.3	18.4	16.4	12.4	15.9
Xiaomidou	Xiaomidou	19.6	27.1	48	80.8	17.9	10.2	18.1	30.3	23.7	19.3	26	19.5	17.4	12.8	15.9
L84-2235	L84-2235	19.7	28.7	49.4	84.6	18.6	10.6	18.5	31.9	24.8	20	30	20.3	18.4	13.7	15.6
Xiaoheidou	Xiaoheidou	19.8	29.9	50.6	86.6	18.6	10.5	18	30.1	24.6	20.3	29.4	20.6	17.8	13	16
Zheng 8516	Zheng 8516	20.9	35.2	53.3	88.2	19	10.9	18.6	32	25.3	20.7	29.4	21.2	19.1	13.7	16.2
Yuandou	Yuandou	16.4	30.2	43.5	69.6	15.9	10.4	17.9	28.6	24.7	20.1	23.9	18.6	14.3	12.8	18.8
Yudou 12	Yudou 12	22	33.2	53.4	90.7	19.5	11.2	20.2	35	25.9	22.1	31	21.8	19.3	14.6	17.9
Ji9-3l-2	Ji9-3l-2	19	27.8	47.7	82.4	17.4	10	18	29.5	23.6	18.8	30.9	19.6	17.2	13	15.9
Bailudou	Bailudou	19.4	26.4	46.7	79.2	17.9	10.3	18.8	32.1	23.6	18.7	31.4	19.3	17.2	14	16.7
Miyangxiaozihuang	Miyangxiaozihuang	20.7	33.7	51.6	88	19.1	11.3	18.9	32.6	26.2	20.9	31	21.2	18.5	14	16.7
Huaheihu	Huaheihu	21.7	32.8	52.5	89.5	19.8	11.4	20.6	34.2	25.6	21.5	34.1	21.3	18.8	14.6	18.3
Delsoy 4710	Delsoy 4710	17.7	25	43.4	70	16.2	9.5	16.3	27.5	22.3	17.3	25.6	17.9	15.9	11.7	14.6
L85-2308	L85-2308	16.4	27.6	43	68.8	16	10	14.9	23.9	23	18.5	27.2	17.8	16.1	12	14.3
Qisiwa	Qisiwa	18.4	32.8	51.3	80.3	18	11.4	16.7	27.7	26.1	21	31.2	20.4	18.6	13.4	15.7
Liushiribaidou	Liushiribaidou	19	33.7	48.5	78	18.2	10.8	17.8	28.4	25.6	21.3	30.6	19.6	17.7	13.9	16.1
Pixianzhanzhuangliuyuexian	Pixianzhanzhuangliuyuexian	17.5	32.1	47.6	76.5	17.5	10.8	16.4	26.2	25.1	20	28.3	18.7	17	12.7	15.3
Datianedan	Datianedan	17.3	33.2	46.3	74.4	16.5	10.3	16.2	25.5	23.6	19.2	27.8	18.6	16.1	12.1	15.3
Dongshan 69	Dongshan 69	16.3	26.6	43.6	66.5	15.7	9.8	15.2	24.4	23	18.1	23	17.4	16	11.9	13.9
Qingdou	Qingdou	18.8	31.1	46.6	74.6	17.5	10.4	18	28.6	24.6	21.4	28.4	19	17.1	13.9	16.9
Fendou 62	Fendou 62	18.6	29.9	47.4	75.4	17.2	10.8	18.1	28	24.7	20.9	29.1	19.2	16.8	13.9	16.7
L88-5492	L88-5492	16.6	26.7	46.8	81.6	16.9	9.5	15.7	23.2	22.8	17.7	24.6	19.9	17.3	11	14.6
Lv 96150	Lv 96150	19	35.1	55	89.7	18.7	11.4	18.6	28.9	26	21.2	27.9	20.7	19.4	13.6	16.7
Shang 951099	Shang 951099	19.3	30.4	49.4	85.1	17.2	10.3	18.3	28.3	23.8	20.4	29.3	20.2	17.9	13.3	17.8
Delsoy 4900	Delsoy 4900	17.2	28.4	47.2	81	16.2	9.9	16	24	22.7	18.1	28.4	19.2	17.3	11.8	15.1
Meng 9793-1	Meng 9793-1	19.2	31.4	52.5	89.3	17.9	10.6	18.5	28.9	24.8	20.4	26.3	21.5	18.7	13.1	17.4
Xiaohuangdou	Xiaohuangdou	18.6	28.3	49.2	82.3	17.1	10.2	17	26.7	24	19.2	29.4	20.7	18.2	12.5	16
Miyangniumaohuang	Miyangniumaohuang	17.8	27.2	47.9	79.8	16.4	10.2	15.3	25.6	23.8	18.5	26.5	21.1	18.3	12.3	14.5
Avery	Avery	17.4	26.6	45.5	77.9	15.7	9.5	15.6	25.9	22.6	18.2	25.4	19.6	17.4	12	14.8
Jidou17	Jidou17	16.6	25.8	45.1	75	15.2	9.3	15.4	23.8	22.2	18	26.2	19	16.6	11.5	14.5
Lvxuan 23	Lvxuan 23	19.3	31.9	50.6	88.2	17.9	10.5	18.2	28	24.3	20.4	30	20.9	18.3	13.5	17.9
Tianedan	Tianedan	19	28.5	49.6	83.1	16.8	10.2	16.8	25.9	24.8	20.1	30.1	20.6	18.6	12.3	15.9
Xiaheidou	Xiaheidou	18.8	32	51.1	88.8	17.1	10.5	16.8	27.3	25.2	21.4	31.6	21.3	18.5	12.6	15.6
Qing 6	Qing 6	17.3	27.6	46.3	80.7	16.3	9.7	15.5	25	22.7	18.1	24.2	19.6	17.2	11.9	15
Pixiandazihuacao	Pixiandazihuacao	17.5	27.3	46.4	76.7	15.8	9.8	15.1	24.1	23.8	18.9	26.3	19.7	18	11.9	14.2
Xiaohuangdou	Xiaohuangdou	16.9	26.8	41.8	69	16.1	9.7	17.8	29.8	23	19.4	20.8	17.2	15.6	12.4	15.3
Lvpihuangdou	Lvpihuangdou	17.9	31.3	47.9	80.7	17.8	11	18.8	32	25.4	20.6	24.1	19.1	17.1	14.1	16.5
Zhongnongshi-1	Zhongnongshi-1	16.1	28.1	42.4	68.7	15.9	9.7	16.4	28.9	22.8	18.1	22.6	16.8	16.1	12.1	14.4
PI 253666A	PI 253666A	18.2	36.1	50.3	83.6	18.3	11.6	18.6	31.9	26.2	21.2	27.3	19.7	18.3	13.7	16.2
Verde	Verde	15.9	25.4	41.6	61.7	15.9	10	16.4	26.6	23.9	17.9	24.6	17	15.5	12	14.7
Miyangbaidou	Miyangbaidou	17.3	32.3	47.5	78.9	18	10.5	18.5	31.1	25.4	20.8	24.2	18.9	17.5	13.5	16
Yuxuan 13	Yuxuan 13	17.4	33.8	47.8	80	17.8	11.2	18.3	30.7	25.2	20.9	26.2	18.9	17.6	13.5	16.2
Huanggandou	Huanggandou	16.7	31.8	45.7	73.9	16.9	10.7	17	29.7	23.6	19	22.1	18.2	17	12.8	15.3
Zhongdou 8	Zhongdou 8	17.3	28.5	44	72.3	16.9	10.1	18.2	31.6	24	19.8	20.8	18.6	16.6	13	16.9
Zheng 97196	Zheng 97196	15.9	28.3	41.4	68.5	15.8	9.4	16.9	28.3	22.4	18.9	23.9	16.9	15.7	11.8	14.8
Huipizhiheidou	Huipizhiheidou	16.5	31.6	42.8	68.8	15.8	10.5	17.4	28.9	24	19.6	21.1	18.2	14.4	12.3	18.5
Heheidou	Heheidou	16.7	27.9	42.7	64.4	16.2	9.9	17.3	28.8	23.5	19	21.3	17.1	15.4	12.2	16.5
Zhonghuang 39	Zhonghuang 39	16.5	30.2	47.8	75.4	16.4	10.5	16.3	24.8	24.5	19.9	29.6	19.5	16.7	12.3	13
Xiaobaidou-2	Xiaobaidou-2	17.9	32	47.1	72.6	16.7	10.5	16.9	25.7	25.3	20.3	28.1	18.9	16.5	11.9	13.8
Xizhoujiwohuang	Xizhoujiwohuang	17.1	28.7	45.3	68.5	16.4	10.6	15.7	24.5	23.7	18.7	27.2	18.9	16.9	12.2	13.4
Hualvdou	Hualvdou	17.2	30.1	45.9	67.1	15.7	9.9	15.6	24.4	23.9	18.3	29.1	18.3	16.1	12	12.9
Pixianhongmaoyou	Pixianhongmaoyou	17.9	33.3	48.4	75.8	17	10.9	17.6	27.8	25.2	20.6	29.3	20.2	17.4	13	14.9
